{
	"count": 1,
	"results": [{
		"id": 13390,
		"loc": [36.63779, 36.21024]
	}]
}